content_hash_id,impressions,avg_pos,actual_ctr,missed_clicks,action_label,reason_code
content_eadb33b5df496f4a,617124.0,2.383010882711881,0.009184539897978364,117757.0,DO_NOTHING_ZERO_CLICK_SERP,ZERO_CLICK_ANOMALY
content_ec2e0346994fb5a5,245276.0,2.854514388683292,0.006034018819615454,47575.0,DO_NOTHING_ZERO_CLICK_SERP,ZERO_CLICK_ANOMALY
content_0e03de7680314cd5,221310.0,2.6752169742573138,0.0032533550223668157,43542.0,DO_NOTHING_ZERO_CLICK_SERP,ZERO_CLICK_ANOMALY
content_8d7d99f109e19aa2,203497.0,2.5637564475235504,0.0014201683562902647,40410.0,DO_NOTHING_ZERO_CLICK_SERP,ZERO_CLICK_ANOMALY
content_4ffe18112a5642e3,186983.0,2.3310604393029863,0.003133974746367317,36811.0,DO_NOTHING_ZERO_CLICK_SERP,ZERO_CLICK_ANOMALY
content_987d251ee617d9c6,152806.0,2.823428856514299,0.006151590906116252,29621.0,DO_NOTHING_ZERO_CLICK_SERP,ZERO_CLICK_ANOMALY
content_545bb6cc7081ded3,122905.0,2.6153898928217916,0.002335136894349294,24294.0,DO_NOTHING_ZERO_CLICK_SERP,ZERO_CLICK_ANOMALY
content_85703b835ab9e744,120868.0,2.7288570286312064,0.009026375881126519,23083.0,DO_NOTHING_ZERO_CLICK_SERP,ZERO_CLICK_ANOMALY
content_9ef3d7516483e665,89229.0,2.481595661201132,0.0010310549260890518,17754.0,DO_NOTHING_ZERO_CLICK_SERP,ZERO_CLICK_ANOMALY
content_e0ca055423cbe896,86319.0,2.6767992549980058,0.003116347501708778,16995.0,DO_NOTHING_ZERO_CLICK_SERP,ZERO_CLICK_ANOMALY
content_17494d099b0a537e,87928.0,2.7976856711596194,0.010633700300245656,16651.0,DO_NOTHING_ZERO_CLICK_SERP,ZERO_CLICK_ANOMALY
content_306bc78dff1eb683,80821.0,1.4886041410369324,0.0004330557652095371,16129.0,DO_NOTHING_ZERO_CLICK_SERP,ZERO_CLICK_ANOMALY
content_80eb6221de550658,79766.0,2.2276562267963387,0.002193917207832911,15778.0,DO_NOTHING_ZERO_CLICK_SERP,ZERO_CLICK_ANOMALY
content_57c3b90b328b406e,82298.0,2.708172579500927,0.008930958224987242,15725.0,DO_NOTHING_ZERO_CLICK_SERP,ZERO_CLICK_ANOMALY
content_b13e95d379c78818,76121.0,1.1391930623765938,0.001983683871730534,15073.0,DO_NOTHING_ZERO_CLICK_SERP,ZERO_CLICK_ANOMALY
content_6a9c79f55413b447,73272.0,2.5501326156123,0.0016104378207227863,14536.0,DO_NOTHING_ZERO_CLICK_SERP,ZERO_CLICK_ANOMALY
content_c46df0fa61530d86,70398.0,1.556257948088823,0.0005966078581777891,14038.0,DO_NOTHING_ZERO_CLICK_SERP,ZERO_CLICK_ANOMALY
content_044eae5cec1e4ac1,72124.0,2.029767233161149,0.00633630968886917,13968.0,DO_NOTHING_ZERO_CLICK_SERP,ZERO_CLICK_ANOMALY
content_9f7a82f5dc116fbc,68958.0,2.710366922961856,0.0052640737840424605,13429.0,DO_NOTHING_ZERO_CLICK_SERP,ZERO_CLICK_ANOMALY
content_6b4d5458bf2143b1,67642.0,2.845419453221235,0.0024245291387008073,13364.0,DO_NOTHING_ZERO_CLICK_SERP,ZERO_CLICK_ANOMALY
content_252aa5480bb1f8d7,66698.0,2.394123034550251,0.001124471498395754,13265.0,DO_NOTHING_ZERO_CLICK_SERP,ZERO_CLICK_ANOMALY
content_e7c79604f38f86f5,67575.0,2.5728808363850053,0.004898261191268961,13184.0,DO_NOTHING_ZERO_CLICK_SERP,ZERO_CLICK_ANOMALY
content_2fe6474415293c3c,66848.0,2.2588649919728416,0.0035453566299664912,13133.0,DO_NOTHING_ZERO_CLICK_SERP,ZERO_CLICK_ANOMALY
content_60b99970e55b1ac5,65995.0,2.9409390396782684,0.0016970982650200772,13087.0,DO_NOTHING_ZERO_CLICK_SERP,ZERO_CLICK_ANOMALY
content_b2b85c287474668d,65304.0,1.5417016349024892,0.0009340928580178856,13000.0,DO_NOTHING_ZERO_CLICK_SERP,ZERO_CLICK_ANOMALY
content_24821738e910ae7d,64745.0,2.352235773984599,0.0031508224573326125,12745.0,DO_NOTHING_ZERO_CLICK_SERP,ZERO_CLICK_ANOMALY
content_c9a0c2fdbdbfb562,65681.0,2.446911747408819,0.011251351227904568,12397.0,DO_NOTHING_ZERO_CLICK_SERP,ZERO_CLICK_ANOMALY
content_e9856d7d976aa034,63663.0,1.8450448528414063,0.007304085575609067,12268.0,DO_NOTHING_ZERO_CLICK_SERP,ZERO_CLICK_ANOMALY
content_ed50f7f4237a3d02,61347.0,2.2820109759597322,0.0023636037622051607,12124.0,DO_NOTHING_ZERO_CLICK_SERP,ZERO_CLICK_ANOMALY
content_fc67675904376267,60172.0,2.261302831361545,0.0002991424582862461,12016.0,DO_NOTHING_ZERO_CLICK_SERP,ZERO_CLICK_ANOMALY
content_9057101adce77618,61277.0,2.755610941182923,0.004145111542666906,12001.0,DO_NOTHING_ZERO_CLICK_SERP,ZERO_CLICK_ANOMALY
content_2e1a3412814a868f,61351.0,2.610650443826944,0.004645401052957572,11985.0,DO_NOTHING_ZERO_CLICK_SERP,ZERO_CLICK_ANOMALY
content_ac744f16f3d99a5b,60014.0,2.7437968327630124,0.004265671343353218,11747.0,DO_NOTHING_ZERO_CLICK_SERP,ZERO_CLICK_ANOMALY
content_76f9b5358889447c,61257.0,2.2543642197343656,0.008733695740894918,11716.0,DO_NOTHING_ZERO_CLICK_SERP,ZERO_CLICK_ANOMALY
content_145680ddd5f91ea9,59328.0,2.727020117176008,0.0030676914778856525,11684.0,DO_NOTHING_ZERO_CLICK_SERP,ZERO_CLICK_ANOMALY
content_020dd5763c3e2cc8,58588.0,2.7339578371361895,0.001228920598074691,11646.0,DO_NOTHING_ZERO_CLICK_SERP,ZERO_CLICK_ANOMALY
content_29c4a3831609805d,60919.0,1.9447583981587562,0.010472923061770547,11546.0,DO_NOTHING_ZERO_CLICK_SERP,ZERO_CLICK_ANOMALY
content_19e6329384fd8bb3,59158.0,2.8146254060190747,0.00652489942188715,11446.0,DO_NOTHING_ZERO_CLICK_SERP,ZERO_CLICK_ANOMALY
content_d54554f18012fe6e,56567.0,2.5271178042218216,0.0028992168578853396,11149.0,DO_NOTHING_ZERO_CLICK_SERP,ZERO_CLICK_ANOMALY
content_06deeeddeef6c300,56923.0,2.6253051543562473,0.004637844105194737,11121.0,DO_NOTHING_ZERO_CLICK_SERP,ZERO_CLICK_ANOMALY
content_242f48fe7beea028,55451.0,2.4080505078963705,0.0015148509494869345,11006.0,DO_NOTHING_ZERO_CLICK_SERP,ZERO_CLICK_ANOMALY
content_5abfb5c8fd4009ae,55376.0,2.888418979461919,0.003304680728113262,10892.0,DO_NOTHING_ZERO_CLICK_SERP,ZERO_CLICK_ANOMALY
content_f28fad229748fb7a,54208.0,2.7444623063468687,0.0014020070838252656,10766.0,DO_NOTHING_ZERO_CLICK_SERP,ZERO_CLICK_ANOMALY
content_44f34c0a90047651,212404.0,7.346909008684935,0.00011299222236869363,10596.0,EVALUATE_SERP_FEATURES,CTR_GAP_MID_VISIBILITY
content_a035812651aeb8c1,54635.0,2.675423383663158,0.006442756474787224,10575.0,DO_NOTHING_ZERO_CLICK_SERP,ZERO_CLICK_ANOMALY
content_cfa0ddbaebd2af8b,53132.0,2.8913626046010115,0.00242791538056162,10497.0,DO_NOTHING_ZERO_CLICK_SERP,ZERO_CLICK_ANOMALY
content_cf8a731286a0394b,53163.0,2.303168353993394,0.0027650809773714802,10486.0,DO_NOTHING_ZERO_CLICK_SERP,ZERO_CLICK_ANOMALY
content_dbbde91a0db0f0e3,53537.0,2.629082639892269,0.007060537572146366,10329.0,DO_NOTHING_ZERO_CLICK_SERP,ZERO_CLICK_ANOMALY
content_0d1d0886593f7656,51722.0,2.885496107053772,0.001160047948648544,10284.0,DO_NOTHING_ZERO_CLICK_SERP,ZERO_CLICK_ANOMALY
content_66305559ad761975,50848.0,2.933582934086395,0.0012979861548143487,10104.0,DO_NOTHING_ZERO_CLICK_SERP,ZERO_CLICK_ANOMALY
content_9e58686d3a7a66df,50777.0,2.686295115326508,0.0042538944797841545,9939.0,DO_NOTHING_ZERO_CLICK_SERP,ZERO_CLICK_ANOMALY
content_91afe32fac101350,49367.0,2.9782679567711368,0.00392975064314218,9679.0,DO_NOTHING_ZERO_CLICK_SERP,ZERO_CLICK_ANOMALY
content_5267d90f451c6edc,51920.0,1.6377579399432376,0.013617103235747304,9677.0,DO_NOTHING_ZERO_CLICK_SERP,ZERO_CLICK_ANOMALY
content_dee34a2aa25f2228,48299.0,1.5636114045190643,0.0017598708047785669,9575.0,DO_NOTHING_ZERO_CLICK_SERP,ZERO_CLICK_ANOMALY
content_7172a7fad43f0998,205867.0,3.367835376702069,0.0041871693860599316,9431.0,EVALUATE_SERP_FEATURES,CTR_GAP_MID_VISIBILITY
content_06f0cf40fe8a535f,49037.0,2.81867956260369,0.00832024797601811,9399.0,DO_NOTHING_ZERO_CLICK_SERP,ZERO_CLICK_ANOMALY
content_5b72e8a6a93ca989,48898.0,1.9642739103434774,0.0077917297230970595,9399.0,DO_NOTHING_ZERO_CLICK_SERP,ZERO_CLICK_ANOMALY
content_b99ea6861864dea5,194337.0,4.450106308469443,0.0018575978840879503,9356.0,EVALUATE_SERP_FEATURES,CTR_GAP_MID_VISIBILITY
content_53d6ece81a430d6e,46348.0,1.2020352327779618,0.0016613446103391732,9193.0,DO_NOTHING_ZERO_CLICK_SERP,ZERO_CLICK_ANOMALY
content_506e2733ce390ffe,45666.0,2.9826792427232682,0.0022774055095694827,9029.0,DO_NOTHING_ZERO_CLICK_SERP,ZERO_CLICK_ANOMALY
content_7fccc0103a4b3201,45941.0,2.7336065860333196,0.004331642759191136,8989.0,DO_NOTHING_ZERO_CLICK_SERP,ZERO_CLICK_ANOMALY
content_465d20bc90052258,45369.0,2.9984634436228257,0.0027992682227953006,8947.0,DO_NOTHING_ZERO_CLICK_SERP,ZERO_CLICK_ANOMALY
content_91e1b34e81e54cad,45392.0,2.7487536508094563,0.004516214310891787,8873.0,DO_NOTHING_ZERO_CLICK_SERP,ZERO_CLICK_ANOMALY
content_f54d72a322dab771,44636.0,2.529503326787162,0.0023971682050362934,8820.0,DO_NOTHING_ZERO_CLICK_SERP,ZERO_CLICK_ANOMALY
content_a2e503bedbeb08b0,46123.0,1.741166590748697,0.008802549704052209,8819.0,DO_NOTHING_ZERO_CLICK_SERP,ZERO_CLICK_ANOMALY
content_f9ec6d806d7571ff,45318.0,2.063263407561766,0.0055827706430116066,8811.0,DO_NOTHING_ZERO_CLICK_SERP,ZERO_CLICK_ANOMALY
content_f107e54b10b43725,195997.0,3.1860536723186765,0.005081710434343383,8804.0,EVALUATE_SERP_FEATURES,CTR_GAP_MID_VISIBILITY
content_ff8941941141101f,44217.0,2.397902385671767,0.0009046294411651627,8803.0,DO_NOTHING_ZERO_CLICK_SERP,ZERO_CLICK_ANOMALY
content_7f52754cb72a5991,43135.0,2.502348117531787,0.0006491248406166686,8599.0,DO_NOTHING_ZERO_CLICK_SERP,ZERO_CLICK_ANOMALY
content_0cdc349685790794,44476.0,2.954763192014704,0.006722726863926612,8596.0,DO_NOTHING_ZERO_CLICK_SERP,ZERO_CLICK_ANOMALY
content_7771b5bf2d406648,44039.0,2.215928983247507,0.0064715365925656805,8523.0,DO_NOTHING_ZERO_CLICK_SERP,ZERO_CLICK_ANOMALY
content_76c287232b54857b,42539.0,2.728683726098312,0.0015280095911986648,8443.0,DO_NOTHING_ZERO_CLICK_SERP,ZERO_CLICK_ANOMALY
content_3fa0b8cc72768eb7,42308.0,2.524133651434544,0.0019381677224165643,8380.0,DO_NOTHING_ZERO_CLICK_SERP,ZERO_CLICK_ANOMALY
content_c22554621da2f6fc,42103.0,2.8965755471361927,0.0022801225565874167,8325.0,DO_NOTHING_ZERO_CLICK_SERP,ZERO_CLICK_ANOMALY
content_acbcc847f8996314,170808.0,3.3611953443518656,0.001533886000655707,8278.0,EVALUATE_SERP_FEATURES,CTR_GAP_MID_VISIBILITY
content_1269a2e1831f240a,41857.0,2.5398415015391955,0.0039897747091287,8204.0,DO_NOTHING_ZERO_CLICK_SERP,ZERO_CLICK_ANOMALY
content_6478f978b79a1b49,42152.0,2.2110322282893153,0.00749667868665781,8114.0,DO_NOTHING_ZERO_CLICK_SERP,ZERO_CLICK_ANOMALY
content_f6d0b5c9cb1ed4ef,41380.0,2.0612982351021336,0.004833252779120348,8076.0,DO_NOTHING_ZERO_CLICK_SERP,ZERO_CLICK_ANOMALY
content_24eff544c5dbf498,40694.0,2.7107056487783807,0.0020887600137612424,8054.0,DO_NOTHING_ZERO_CLICK_SERP,ZERO_CLICK_ANOMALY
content_44d284c2ad861171,41657.0,2.3946558273565848,0.007777804450632547,8007.0,DO_NOTHING_ZERO_CLICK_SERP,ZERO_CLICK_ANOMALY
content_c2d2e725a72e8c25,40543.0,2.3455319990603356,0.004365735145401179,7932.0,DO_NOTHING_ZERO_CLICK_SERP,ZERO_CLICK_ANOMALY
content_c556c7369fb2fd06,40629.0,2.3024797053270882,0.004947205198257402,7925.0,DO_NOTHING_ZERO_CLICK_SERP,ZERO_CLICK_ANOMALY
content_471d9cabce329a66,164885.0,4.656030426459354,0.00240167389392607,7848.0,EVALUATE_SERP_FEATURES,CTR_GAP_MID_VISIBILITY
content_b98fd317f3fa7210,39667.0,2.6563470093587305,0.0025461970907807497,7832.0,DO_NOTHING_ZERO_CLICK_SERP,ZERO_CLICK_ANOMALY
content_e7b5dd4dff461ad2,205045.0,4.544202814277663,0.011929088736618791,7806.0,EVALUATE_SERP_FEATURES,CTR_GAP_MID_VISIBILITY
content_3e6275ef355c9602,39951.0,2.366632954819077,0.004855948536957773,7796.0,DO_NOTHING_ZERO_CLICK_SERP,ZERO_CLICK_ANOMALY
content_5dcd9e984ab759e1,39169.0,2.7818293622994013,0.0032168296356812785,7708.0,DO_NOTHING_ZERO_CLICK_SERP,ZERO_CLICK_ANOMALY
content_3b8638bf882420e3,39665.0,2.6081624839740147,0.006807008697844447,7663.0,DO_NOTHING_ZERO_CLICK_SERP,ZERO_CLICK_ANOMALY
content_6d5d286eece01fe3,39484.0,2.0493866327462777,0.0062556985107891806,7650.0,DO_NOTHING_ZERO_CLICK_SERP,ZERO_CLICK_ANOMALY
content_b8fbd1cbfd8f5395,38715.0,2.0103971555072393,0.0035386800981531707,7606.0,DO_NOTHING_ZERO_CLICK_SERP,ZERO_CLICK_ANOMALY
content_d61fc394d10cba41,38000.0,2.7407444730341988,2.6315789473684212e-05,7599.0,DO_NOTHING_ZERO_CLICK_SERP,ZERO_CLICK_ANOMALY
content_abc290a4f5446a62,37749.0,2.746013671183,0.004106069034941323,7395.0,DO_NOTHING_ZERO_CLICK_SERP,ZERO_CLICK_ANOMALY
content_9e85c3fdf25f8371,37080.0,2.188846675735498,0.0013754045307443365,7365.0,DO_NOTHING_ZERO_CLICK_SERP,ZERO_CLICK_ANOMALY
content_19b310673809a9ee,38904.0,2.4163725132196134,0.012286654328603742,7303.0,DO_NOTHING_ZERO_CLICK_SERP,ZERO_CLICK_ANOMALY
content_003813ace4d84339,37334.0,2.908943613963651,0.005089194835806504,7277.0,DO_NOTHING_ZERO_CLICK_SERP,ZERO_CLICK_ANOMALY
content_b6337ff9d230a1f7,36507.0,2.710364244462719,0.0016435204207412278,7241.0,DO_NOTHING_ZERO_CLICK_SERP,ZERO_CLICK_ANOMALY
content_00cc214e6165108e,36497.0,2.3182619165478124,0.002849549278022851,7195.0,DO_NOTHING_ZERO_CLICK_SERP,ZERO_CLICK_ANOMALY
content_1251b5139ac3bee9,36315.0,2.8156587499250056,0.002092799118821424,7187.0,DO_NOTHING_ZERO_CLICK_SERP,ZERO_CLICK_ANOMALY
content_542effb263926ea6,37264.0,2.620123881194085,0.00721876341777587,7184.0,DO_NOTHING_ZERO_CLICK_SERP,ZERO_CLICK_ANOMALY
content_fd2117c2c6790e4b,151166.0,3.3914281435811584,0.0026990196208142043,7150.0,EVALUATE_SERP_FEATURES,CTR_GAP_MID_VISIBILITY
content_34a70fea29d15f24,143019.0,3.2194729633317767,0.00030065935295310413,7108.0,EVALUATE_SERP_FEATURES,CTR_GAP_MID_VISIBILITY
content_aea1c81b335fdc28,35664.0,2.317686743359128,0.001822566173171826,7068.0,DO_NOTHING_ZERO_CLICK_SERP,ZERO_CLICK_ANOMALY
content_8fd944efef262b18,36788.0,2.6954050421972,0.008018919212786779,7063.0,DO_NOTHING_ZERO_CLICK_SERP,ZERO_CLICK_ANOMALY
content_a2ebfe89d44ed4ff,35426.0,0.5966189991627048,0.0012984813413876813,7039.0,DO_NOTHING_ZERO_CLICK_SERP,ZERO_CLICK_ANOMALY
content_62770e1299963fe4,35480.0,2.3798897597543633,0.002593010146561443,7004.0,DO_NOTHING_ZERO_CLICK_SERP,ZERO_CLICK_ANOMALY
content_a07d1e3236680189,35083.0,2.838984602572653,0.000598580509078471,6996.0,DO_NOTHING_ZERO_CLICK_SERP,ZERO_CLICK_ANOMALY
content_fd7c178012c7839b,35626.0,2.4085989103942707,0.005108628529725481,6943.0,DO_NOTHING_ZERO_CLICK_SERP,ZERO_CLICK_ANOMALY
content_2d1f59d409a326f1,34812.0,2.249867768727115,0.0021831552338274158,6886.0,DO_NOTHING_ZERO_CLICK_SERP,ZERO_CLICK_ANOMALY
content_0e7bc6744950f433,34700.0,0.7616998035168162,0.0020172910662824206,6870.0,DO_NOTHING_ZERO_CLICK_SERP,ZERO_CLICK_ANOMALY
content_eea13d1934ec6e1a,34448.0,2.8932326382642177,0.0007547607988852763,6864.0,DO_NOTHING_ZERO_CLICK_SERP,ZERO_CLICK_ANOMALY
content_d01293722a3176e2,34832.0,2.2848373868522662,0.0032728525493798807,6852.0,DO_NOTHING_ZERO_CLICK_SERP,ZERO_CLICK_ANOMALY
content_f43118e089ecc69a,139417.0,5.036458395994375,0.0013699907471829116,6780.0,EVALUATE_SERP_FEATURES,CTR_GAP_MID_VISIBILITY
content_e241d6415ac9e534,142304.0,3.276015508338737,0.0024103328086350346,6772.0,EVALUATE_SERP_FEATURES,CTR_GAP_MID_VISIBILITY
content_c00b3e7ba9624be3,35817.0,2.754339986425123,0.011112041767875589,6765.0,DO_NOTHING_ZERO_CLICK_SERP,ZERO_CLICK_ANOMALY
content_8e1334d6356668e3,134984.0,4.5455818277743525,7.4082854264209095e-06,6748.0,EVALUATE_SERP_FEATURES,CTR_GAP_MID_VISIBILITY
content_419c9a021b83bbab,33903.0,2.7148347699074646,0.002182697696369053,6707.0,DO_NOTHING_ZERO_CLICK_SERP,ZERO_CLICK_ANOMALY
content_6eda21f7025fe783,34147.0,2.28369812842747,0.003689928837086713,6703.0,DO_NOTHING_ZERO_CLICK_SERP,ZERO_CLICK_ANOMALY
content_02621dd7ca617b9a,33308.0,2.4121023310977283,0.001110844241623634,6625.0,DO_NOTHING_ZERO_CLICK_SERP,ZERO_CLICK_ANOMALY
content_9fc0cd37a69f8d68,34178.0,2.2736733431508065,0.006349113464801919,6619.0,DO_NOTHING_ZERO_CLICK_SERP,ZERO_CLICK_ANOMALY
content_2ee65b0830d5fbcd,33459.0,2.9926736940165806,0.0021817747093457666,6619.0,DO_NOTHING_ZERO_CLICK_SERP,ZERO_CLICK_ANOMALY
content_2c31226702795ccb,33454.0,2.6736224605343657,0.0026304776708315895,6603.0,DO_NOTHING_ZERO_CLICK_SERP,ZERO_CLICK_ANOMALY
content_bcacaeb44228434c,33709.0,2.460434001763292,0.004123527841229345,6603.0,DO_NOTHING_ZERO_CLICK_SERP,ZERO_CLICK_ANOMALY
content_7c6373141eae744a,132593.0,5.789018546291595,0.0006259757302421697,6547.0,EVALUATE_SERP_FEATURES,CTR_GAP_MID_VISIBILITY
content_184043ed6b262de4,33076.0,2.7686942340051504,0.0025396057564397146,6531.0,DO_NOTHING_ZERO_CLICK_SERP,ZERO_CLICK_ANOMALY
content_f352b7cfd0b2f434,136098.0,3.26812666929929,0.0021087745595085895,6518.0,EVALUATE_SERP_FEATURES,CTR_GAP_MID_VISIBILITY
content_0cd251309ac4bcb2,34502.0,2.9681216417890073,0.013535447220450988,6433.0,DO_NOTHING_ZERO_CLICK_SERP,ZERO_CLICK_ANOMALY
content_d0c978d33599214f,32308.0,2.53661406742646,0.0010214188436300606,6429.0,DO_NOTHING_ZERO_CLICK_SERP,ZERO_CLICK_ANOMALY
content_c7974bd2cb04cdbe,32416.0,1.7481145105491145,0.0018509378084896348,6423.0,DO_NOTHING_ZERO_CLICK_SERP,ZERO_CLICK_ANOMALY
content_92bb90937ddb7672,31760.0,2.605413222550832,0.0026133501259445846,6269.0,DO_NOTHING_ZERO_CLICK_SERP,ZERO_CLICK_ANOMALY
content_88505c7f638b61fd,32768.0,2.2807612193587903,0.008758544921875,6267.0,DO_NOTHING_ZERO_CLICK_SERP,ZERO_CLICK_ANOMALY
content_4f376f555b7f37e9,31418.0,2.501504058001123,0.0020370488255140365,6220.0,DO_NOTHING_ZERO_CLICK_SERP,ZERO_CLICK_ANOMALY
content_f25698d446bb38b0,31916.0,2.31171470696611,0.005169820779546309,6218.0,DO_NOTHING_ZERO_CLICK_SERP,ZERO_CLICK_ANOMALY
content_fec55986a1868d62,124075.0,9.385149675233961,8.059641345960104e-06,6203.0,EVALUATE_SERP_FEATURES,CTR_GAP_MID_VISIBILITY
content_0af239856fe70946,31883.0,2.4554189870129064,0.006962958316344133,6155.0,DO_NOTHING_ZERO_CLICK_SERP,ZERO_CLICK_ANOMALY
content_805fd45594ea2398,30792.0,2.9205529024616967,0.0003897116134060795,6146.0,DO_NOTHING_ZERO_CLICK_SERP,ZERO_CLICK_ANOMALY
content_8640bd84521da19e,32374.0,2.6792151939721056,0.010718477790819794,6128.0,DO_NOTHING_ZERO_CLICK_SERP,ZERO_CLICK_ANOMALY
content_5b5231780a35cb1f,31575.0,2.8970923758520817,0.006429136975455265,6112.0,DO_NOTHING_ZERO_CLICK_SERP,ZERO_CLICK_ANOMALY
content_747ff6b150f08f84,31941.0,2.673136507091655,0.00967408659716352,6079.0,DO_NOTHING_ZERO_CLICK_SERP,ZERO_CLICK_ANOMALY
content_d9fb5bb6a304a680,30561.0,2.7890367991697427,0.0015379077909754262,6065.0,DO_NOTHING_ZERO_CLICK_SERP,ZERO_CLICK_ANOMALY
content_e7af1de8bf2d8e41,30451.0,2.2158873258774987,0.001477783980821648,6045.0,DO_NOTHING_ZERO_CLICK_SERP,ZERO_CLICK_ANOMALY
content_ab300b5174b5ddc2,30267.0,2.070661162060857,0.00082598209270823,6028.0,DO_NOTHING_ZERO_CLICK_SERP,ZERO_CLICK_ANOMALY
content_4c94b3c77e11da25,30122.0,1.7758156809262693,0.0006971648628909103,6003.0,DO_NOTHING_ZERO_CLICK_SERP,ZERO_CLICK_ANOMALY
content_a61f08b52961c9db,30307.0,1.878321583250139,0.0027386412379978224,5978.0,DO_NOTHING_ZERO_CLICK_SERP,ZERO_CLICK_ANOMALY
content_c9590a5193a2f679,30598.0,2.80073700922199,0.004967644944113995,5968.0,DO_NOTHING_ZERO_CLICK_SERP,ZERO_CLICK_ANOMALY
content_972ccc7535cb4bd5,31476.0,2.3915882322020185,0.010515948659295971,5964.0,DO_NOTHING_ZERO_CLICK_SERP,ZERO_CLICK_ANOMALY
content_26cf2a75be7959e9,30355.0,1.8880462953548893,0.0035249547026848954,5964.0,DO_NOTHING_ZERO_CLICK_SERP,ZERO_CLICK_ANOMALY
content_5fde7b23ee9d8f16,29919.0,2.463901068340117,0.0007687422707978208,5961.0,DO_NOTHING_ZERO_CLICK_SERP,ZERO_CLICK_ANOMALY
content_0e0f0bf80a0bd9f8,30610.0,2.523443091890666,0.005455733420450833,5955.0,DO_NOTHING_ZERO_CLICK_SERP,ZERO_CLICK_ANOMALY
content_e4ee37039a140983,30652.0,2.8607414178177333,0.006035495236852408,5945.0,DO_NOTHING_ZERO_CLICK_SERP,ZERO_CLICK_ANOMALY
content_7726ab1608d11c92,30262.0,2.974666461430632,0.0036679664265415373,5941.0,DO_NOTHING_ZERO_CLICK_SERP,ZERO_CLICK_ANOMALY
content_95ff62babbfac9c7,122857.0,4.529104398226992,0.0019046533775039273,5909.0,EVALUATE_SERP_FEATURES,CTR_GAP_MID_VISIBILITY
content_055164e0e5126e87,30249.0,2.2552325062065717,0.004892723726404179,5902.0,DO_NOTHING_ZERO_CLICK_SERP,ZERO_CLICK_ANOMALY
content_00d4fdf6e48a2d38,126836.0,5.305905461047554,0.003681919959632912,5875.0,EVALUATE_SERP_FEATURES,CTR_GAP_MID_VISIBILITY
content_fe3fd3422852d721,124720.0,3.129966629360359,0.0029746632456703016,5865.0,EVALUATE_SERP_FEATURES,CTR_GAP_MID_VISIBILITY
content_03f377191b71687c,29445.0,1.1872035029199182,0.0008490405841399219,5864.0,DO_NOTHING_ZERO_CLICK_SERP,ZERO_CLICK_ANOMALY
content_5e3f5c78090b9856,29867.0,2.5755903400021456,0.003984330532025312,5854.0,DO_NOTHING_ZERO_CLICK_SERP,ZERO_CLICK_ANOMALY
content_28aa5771662f7787,29856.0,2.297094751526526,0.003952304394426581,5853.0,DO_NOTHING_ZERO_CLICK_SERP,ZERO_CLICK_ANOMALY
content_37007d87bd4a080c,30027.0,2.29681763351684,0.005162020847903554,5850.0,DO_NOTHING_ZERO_CLICK_SERP,ZERO_CLICK_ANOMALY
content_9b6b685c29cdde6b,29612.0,2.947615986067641,0.00270160745643658,5842.0,DO_NOTHING_ZERO_CLICK_SERP,ZERO_CLICK_ANOMALY
content_97d7732bcbfc6931,29101.0,2.8204851620172637,0.0005154462045977801,5805.0,DO_NOTHING_ZERO_CLICK_SERP,ZERO_CLICK_ANOMALY
content_561ffdb9d62aecfa,29079.0,1.8417140423107483,0.0006533924825475429,5797.0,DO_NOTHING_ZERO_CLICK_SERP,ZERO_CLICK_ANOMALY
content_fddc37abbb3ef21b,29097.0,2.4573849188524384,0.0009279307145066501,5792.0,DO_NOTHING_ZERO_CLICK_SERP,ZERO_CLICK_ANOMALY
content_6b1207f4553b5462,29635.0,2.7057560085936694,0.0048253754007086215,5784.0,DO_NOTHING_ZERO_CLICK_SERP,ZERO_CLICK_ANOMALY
content_702000a145278bda,29092.0,1.5943421417605077,0.0014436958614051972,5776.0,DO_NOTHING_ZERO_CLICK_SERP,ZERO_CLICK_ANOMALY
content_e645e57bf945bef4,29474.0,2.1233024419149764,0.004682092691864015,5757.0,DO_NOTHING_ZERO_CLICK_SERP,ZERO_CLICK_ANOMALY
content_04fb6296acff6360,28737.0,2.6356498257009076,0.0004871768103838257,5733.0,DO_NOTHING_ZERO_CLICK_SERP,ZERO_CLICK_ANOMALY
content_a11ad371165293c4,28975.0,2.0875599074413835,0.0023468507333908543,5727.0,DO_NOTHING_ZERO_CLICK_SERP,ZERO_CLICK_ANOMALY
content_e578ac84778da489,117764.0,4.124146101992235,0.0013841241805645189,5725.0,EVALUATE_SERP_FEATURES,CTR_GAP_MID_VISIBILITY
content_3b6e4c8d9a0a5c9c,121458.0,3.1870687852308817,0.003227453111363599,5681.0,EVALUATE_SERP_FEATURES,CTR_GAP_MID_VISIBILITY
content_977de8902196a52e,29247.0,2.849781998072015,0.005983519677231853,5674.0,DO_NOTHING_ZERO_CLICK_SERP,ZERO_CLICK_ANOMALY
content_1eb85de9c101e25b,28753.0,0.5445788371611697,0.002851876325948597,5669.0,DO_NOTHING_ZERO_CLICK_SERP,ZERO_CLICK_ANOMALY
content_86c036a549cbbfd5,30106.0,2.627291002412222,0.012157045107287583,5655.0,DO_NOTHING_ZERO_CLICK_SERP,ZERO_CLICK_ANOMALY
content_77276ad7a26f4905,116707.0,3.917467887706483,0.001713693266042311,5635.0,EVALUATE_SERP_FEATURES,CTR_GAP_MID_VISIBILITY
content_337172ae61734532,28723.0,2.8344127541980506,0.005291926330815026,5593.0,DO_NOTHING_ZERO_CLICK_SERP,ZERO_CLICK_ANOMALY
content_a31ff7a4803b6369,28252.0,1.782624164453682,0.0027254707631318136,5573.0,DO_NOTHING_ZERO_CLICK_SERP,ZERO_CLICK_ANOMALY
content_8028c5009353ea97,27747.0,2.994261500446778,0.00046851911918405594,5536.0,DO_NOTHING_ZERO_CLICK_SERP,ZERO_CLICK_ANOMALY
content_e762b3812901065c,28705.0,2.774072113514092,0.007629332868838182,5522.0,DO_NOTHING_ZERO_CLICK_SERP,ZERO_CLICK_ANOMALY
content_bf40f006d361243d,28056.0,2.8872586230615926,0.0040633019674935844,5497.0,DO_NOTHING_ZERO_CLICK_SERP,ZERO_CLICK_ANOMALY
content_69379902126ff53f,27538.0,2.8691174510076904,0.0007988960708838695,5486.0,DO_NOTHING_ZERO_CLICK_SERP,ZERO_CLICK_ANOMALY
content_348f753e0d7bbd2e,27738.0,2.062368840723805,0.0023433556853414087,5483.0,DO_NOTHING_ZERO_CLICK_SERP,ZERO_CLICK_ANOMALY
content_30cabb623a927ef0,27875.0,2.8175645600205104,0.003515695067264574,5477.0,DO_NOTHING_ZERO_CLICK_SERP,ZERO_CLICK_ANOMALY
content_d2ddcf4f3353c5a0,28261.0,2.963753412497544,0.006546123633275539,5467.0,DO_NOTHING_ZERO_CLICK_SERP,ZERO_CLICK_ANOMALY
content_26fbeb74955d54a5,27923.0,2.846288907270158,0.0051212262292733585,5442.0,DO_NOTHING_ZERO_CLICK_SERP,ZERO_CLICK_ANOMALY
content_6fc7eb413d8fe365,28036.0,2.4195846780835164,0.0059209587672991865,5441.0,DO_NOTHING_ZERO_CLICK_SERP,ZERO_CLICK_ANOMALY
content_c33a3cfc9364d685,27551.0,2.8919121037382483,0.003121483793691699,5424.0,DO_NOTHING_ZERO_CLICK_SERP,ZERO_CLICK_ANOMALY
content_f796e35554af78cf,27455.0,2.611872237000628,0.0032416681843015845,5402.0,DO_NOTHING_ZERO_CLICK_SERP,ZERO_CLICK_ANOMALY
content_a1ff20c72c0b697f,27833.0,2.739364731115322,0.005964143283153092,5401.0,DO_NOTHING_ZERO_CLICK_SERP,ZERO_CLICK_ANOMALY
content_5bc0321283fc3aee,27300.0,2.924267298155209,0.0022344322344322346,5399.0,DO_NOTHING_ZERO_CLICK_SERP,ZERO_CLICK_ANOMALY
content_19fcd91acf24834f,27635.0,2.5948293052441205,0.004848923466618419,5393.0,DO_NOTHING_ZERO_CLICK_SERP,ZERO_CLICK_ANOMALY
content_a375f8194e4dc41f,27066.0,1.7417420561363224,0.0013670287445503584,5376.0,DO_NOTHING_ZERO_CLICK_SERP,ZERO_CLICK_ANOMALY
content_97648d26311f688d,27041.0,2.439019265186926,0.0011833881883066455,5376.0,DO_NOTHING_ZERO_CLICK_SERP,ZERO_CLICK_ANOMALY
content_f6116743b00afc2d,107584.0,9.536301418353123,0.00013942593694229625,5364.0,EVALUATE_SERP_FEATURES,CTR_GAP_MID_VISIBILITY
content_d826c4343b0b57cb,27380.0,2.9634174477885957,0.0051862673484295106,5334.0,DO_NOTHING_ZERO_CLICK_SERP,ZERO_CLICK_ANOMALY
content_13291ff5fa90ece6,26904.0,1.5807859336334205,0.0017469521260779065,5334.0,DO_NOTHING_ZERO_CLICK_SERP,ZERO_CLICK_ANOMALY
content_f11319556d830236,27740.0,2.008959744251723,0.00825522710886806,5319.0,DO_NOTHING_ZERO_CLICK_SERP,ZERO_CLICK_ANOMALY
content_b17c1d1cb0a346d6,115947.0,4.661347113030638,0.004157071765548052,5315.0,EVALUATE_SERP_FEATURES,CTR_GAP_MID_VISIBILITY
content_079d8e6c9cfcd8f2,27872.0,2.9980412937773107,0.009328358208955223,5314.0,DO_NOTHING_ZERO_CLICK_SERP,ZERO_CLICK_ANOMALY
content_b009fc42295b4594,27054.0,2.1824628951387997,0.0037332741923560286,5310.0,DO_NOTHING_ZERO_CLICK_SERP,ZERO_CLICK_ANOMALY
content_bb73283fc1619b37,26686.0,2.921285854058492,0.0015738589522596117,5295.0,DO_NOTHING_ZERO_CLICK_SERP,ZERO_CLICK_ANOMALY
content_1478ceb98c064458,28204.0,1.8702490197097714,0.012409587292582612,5291.0,DO_NOTHING_ZERO_CLICK_SERP,ZERO_CLICK_ANOMALY
content_dec63ecdf65ffdb6,27685.0,2.5379828963025943,0.009608091024020228,5271.0,DO_NOTHING_ZERO_CLICK_SERP,ZERO_CLICK_ANOMALY
content_e4376489e7635039,26514.0,2.8589109068873144,0.0015086369465188202,5263.0,DO_NOTHING_ZERO_CLICK_SERP,ZERO_CLICK_ANOMALY
content_24d8945c98eb5b17,26486.0,2.5064808127034963,0.0015857434116136827,5255.0,DO_NOTHING_ZERO_CLICK_SERP,ZERO_CLICK_ANOMALY
content_904b8c2dc4638c4d,26481.0,2.6905005557773456,0.0022657754616517505,5236.0,DO_NOTHING_ZERO_CLICK_SERP,ZERO_CLICK_ANOMALY
content_65584dd9c042cd48,26892.0,2.8180624312330758,0.005317566562546483,5235.0,DO_NOTHING_ZERO_CLICK_SERP,ZERO_CLICK_ANOMALY
content_3aaa0ab12cdb43a4,26406.0,2.7406940338470283,0.0018177686889343332,5233.0,DO_NOTHING_ZERO_CLICK_SERP,ZERO_CLICK_ANOMALY
content_7f5cc6d86f9c8ced,26391.0,2.784829560377543,0.00197036868629457,5226.0,DO_NOTHING_ZERO_CLICK_SERP,ZERO_CLICK_ANOMALY
content_6302b8bce0bb84cb,111764.0,3.127177971550748,0.0032658100998532624,5223.0,EVALUATE_SERP_FEATURES,CTR_GAP_MID_VISIBILITY
content_512dbad65bd5ade9,154358.0,3.019797805674874,0.016234986200909574,5212.0,EVALUATE_SERP_FEATURES,CTR_GAP_MID_VISIBILITY
content_2a2ed9325840c364,26343.0,2.377141436082093,0.0022017234179858027,5211.0,DO_NOTHING_ZERO_CLICK_SERP,ZERO_CLICK_ANOMALY
content_178c850841af2158,26439.0,2.7353592479370032,0.003025833049661485,5208.0,DO_NOTHING_ZERO_CLICK_SERP,ZERO_CLICK_ANOMALY
content_0fbe3f5445bec59d,27557.0,2.806879804569175,0.011358275574264252,5198.0,DO_NOTHING_ZERO_CLICK_SERP,ZERO_CLICK_ANOMALY
content_b9acd1ebff7d34ff,25941.0,2.4182698861291962,0.00011564704521799469,5185.0,DO_NOTHING_ZERO_CLICK_SERP,ZERO_CLICK_ANOMALY
content_d5665baa9b5165d1,26869.0,2.8804732855062887,0.007890133611224832,5162.0,DO_NOTHING_ZERO_CLICK_SERP,ZERO_CLICK_ANOMALY
content_1a5492e41daa11c1,25968.0,2.660097741499759,0.0013863216266173752,5158.0,DO_NOTHING_ZERO_CLICK_SERP,ZERO_CLICK_ANOMALY
content_09e92bcd2c5354f8,26048.0,2.7243012992100515,0.002226658476658477,5152.0,DO_NOTHING_ZERO_CLICK_SERP,ZERO_CLICK_ANOMALY
content_57768353f230d65d,114479.0,3.326893524626003,0.005075166624446405,5143.0,EVALUATE_SERP_FEATURES,CTR_GAP_MID_VISIBILITY
content_edf87d3602681895,26121.0,2.405327134634657,0.003483786991309674,5133.0,DO_NOTHING_ZERO_CLICK_SERP,ZERO_CLICK_ANOMALY
content_a744e2af9f5fd079,25824.0,2.194441589848019,0.0017812887236679058,5119.0,DO_NOTHING_ZERO_CLICK_SERP,ZERO_CLICK_ANOMALY
content_cb0a771e574ebe26,26094.0,2.998156500918662,0.004483789376868246,5102.0,DO_NOTHING_ZERO_CLICK_SERP,ZERO_CLICK_ANOMALY
content_a5e1a1f3b30597bf,25429.0,0.9526498234924632,0.0007471784183412639,5067.0,DO_NOTHING_ZERO_CLICK_SERP,ZERO_CLICK_ANOMALY
content_04bc477e417a07c5,25705.0,1.8248201464029665,0.0031900408480840304,5059.0,DO_NOTHING_ZERO_CLICK_SERP,ZERO_CLICK_ANOMALY
content_b7a37714b5129650,25871.0,2.8332660276184796,0.0045997448880986435,5055.0,DO_NOTHING_ZERO_CLICK_SERP,ZERO_CLICK_ANOMALY
content_0ec90963d98b97a5,130338.0,3.249691410104419,0.011708020684681367,4991.0,EVALUATE_SERP_FEATURES,CTR_GAP_MID_VISIBILITY
content_605c93bd9a16c5a2,109732.0,3.8292378079800646,0.004547442860788102,4988.0,EVALUATE_SERP_FEATURES,CTR_GAP_MID_VISIBILITY
content_e5b557741dd26f15,25433.0,2.4749690129768793,0.003931899500648764,4987.0,DO_NOTHING_ZERO_CLICK_SERP,ZERO_CLICK_ANOMALY
content_1d1b5a860cb50267,25412.0,2.8032660370894154,0.003935148748622698,4982.0,DO_NOTHING_ZERO_CLICK_SERP,ZERO_CLICK_ANOMALY
content_21309e9a83c83653,103187.0,4.972998238614169,0.0018606995067208078,4967.0,EVALUATE_SERP_FEATURES,CTR_GAP_MID_VISIBILITY
content_c7202c1e7a6a2a60,25608.0,2.8469703308940386,0.0063651983755076535,4959.0,DO_NOTHING_ZERO_CLICK_SERP,ZERO_CLICK_ANOMALY
content_592b1cbc2e6c6e0b,24901.0,2.9464518959750556,0.0017268382795871651,4937.0,DO_NOTHING_ZERO_CLICK_SERP,ZERO_CLICK_ANOMALY
content_6eafd07f085bf3b2,24766.0,1.703634807890244,0.0008479366873940079,4932.0,DO_NOTHING_ZERO_CLICK_SERP,ZERO_CLICK_ANOMALY
content_dcff4d2b27cdfc7c,25142.0,1.7516873171250031,0.004056956487152971,4926.0,DO_NOTHING_ZERO_CLICK_SERP,ZERO_CLICK_ANOMALY
content_6fae826f3c4268b2,25155.0,2.6548965600399956,0.00449214867819519,4918.0,DO_NOTHING_ZERO_CLICK_SERP,ZERO_CLICK_ANOMALY
content_cf651123f1085418,101363.0,6.318623593931002,0.0017264682379171887,4893.0,EVALUATE_SERP_FEATURES,CTR_GAP_MID_VISIBILITY
content_5e24ab55d22f5083,25417.0,1.4416309086525398,0.007908093008616281,4882.0,DO_NOTHING_ZERO_CLICK_SERP,ZERO_CLICK_ANOMALY
content_6bfe0826dfec6c50,25181.0,2.077967606530559,0.006314284579643382,4877.0,DO_NOTHING_ZERO_CLICK_SERP,ZERO_CLICK_ANOMALY
content_66bf45eb0c5bb550,24259.0,2.7849439887327234,4.1221814584278e-05,4851.0,DO_NOTHING_ZERO_CLICK_SERP,ZERO_CLICK_ANOMALY
content_1e1ae50dc883f62b,24645.0,2.241860583394406,0.0038953134510042605,4833.0,DO_NOTHING_ZERO_CLICK_SERP,ZERO_CLICK_ANOMALY
content_768e297b350f1bc2,25017.0,2.9620287764514677,0.007115161690050766,4825.0,DO_NOTHING_ZERO_CLICK_SERP,ZERO_CLICK_ANOMALY
content_b556f0bd87d6fcca,105575.0,3.863966160792883,0.004679138053516457,4785.0,EVALUATE_SERP_FEATURES,CTR_GAP_MID_VISIBILITY
content_9b09483876a47f0c,24033.0,2.791303677068323,0.001581159239379187,4769.0,DO_NOTHING_ZERO_CLICK_SERP,ZERO_CLICK_ANOMALY
content_221b208e36005b67,24730.0,1.9301534912528067,0.007602102709260008,4758.0,DO_NOTHING_ZERO_CLICK_SERP,ZERO_CLICK_ANOMALY
content_1b8d21b3b98cb239,23943.0,2.6720485159374223,0.0021300588898634258,4738.0,DO_NOTHING_ZERO_CLICK_SERP,ZERO_CLICK_ANOMALY
content_f86f77b3ebdc05ee,105420.0,3.9421097068226425,0.005198254600645039,4723.0,EVALUATE_SERP_FEATURES,CTR_GAP_MID_VISIBILITY
content_3af34f71a4f823e5,23821.0,1.9884115946645549,0.002980563368456404,4693.0,DO_NOTHING_ZERO_CLICK_SERP,ZERO_CLICK_ANOMALY
content_5c0b42850dcd6ed2,23700.0,2.3785793519322658,0.002320675105485232,4685.0,DO_NOTHING_ZERO_CLICK_SERP,ZERO_CLICK_ANOMALY
content_e73024da2a848e26,98304.0,4.918790728229084,0.0023701985677083335,4682.0,EVALUATE_SERP_FEATURES,CTR_GAP_MID_VISIBILITY
content_1b35d0be32954ffe,100762.0,3.6600786756712513,0.0035628510748099483,4679.0,EVALUATE_SERP_FEATURES,CTR_GAP_MID_VISIBILITY
content_1fb7c75c360b4a7f,104231.0,3.0280545265362773,0.005132829964214101,4677.0,EVALUATE_SERP_FEATURES,CTR_GAP_MID_VISIBILITY
content_1d7764b642f7bb9f,23402.0,1.8434546330746304,0.0001709255619177848,4676.0,DO_NOTHING_ZERO_CLICK_SERP,ZERO_CLICK_ANOMALY
content_3af5019a9c1b0940,24618.0,2.3851692505173565,0.01019579169713218,4673.0,DO_NOTHING_ZERO_CLICK_SERP,ZERO_CLICK_ANOMALY
content_cd00b7440e416dee,23530.0,2.7409053386846853,0.0015724606884827878,4669.0,DO_NOTHING_ZERO_CLICK_SERP,ZERO_CLICK_ANOMALY
content_76b3325d03c2c770,23649.0,2.6057696623323534,0.003129096367711108,4656.0,DO_NOTHING_ZERO_CLICK_SERP,ZERO_CLICK_ANOMALY
content_b2cb08ff59fcce78,106025.0,3.2355481952442564,0.006253242159867956,4638.0,EVALUATE_SERP_FEATURES,CTR_GAP_MID_VISIBILITY
content_216be908ef20cf0e,24417.0,1.4245785981261487,0.010361633288282754,4630.0,DO_NOTHING_ZERO_CLICK_SERP,ZERO_CLICK_ANOMALY
content_ef63889133083d5b,24060.0,2.944661169421864,0.007689110556940981,4627.0,DO_NOTHING_ZERO_CLICK_SERP,ZERO_CLICK_ANOMALY
content_cacf368529c5c527,23683.0,1.2497654103426195,0.005193598783937846,4614.0,DO_NOTHING_ZERO_CLICK_SERP,ZERO_CLICK_ANOMALY
content_519512944d7c341c,98166.0,5.152216959235096,0.0030051137868508447,4613.0,EVALUATE_SERP_FEATURES,CTR_GAP_MID_VISIBILITY
content_d1912c33ee0868a6,23248.0,2.6359001092358225,0.002322780454232622,4596.0,DO_NOTHING_ZERO_CLICK_SERP,ZERO_CLICK_ANOMALY
content_9532317cc008f0a2,23084.0,2.3682827831290085,0.0009097210188875411,4596.0,DO_NOTHING_ZERO_CLICK_SERP,ZERO_CLICK_ANOMALY
content_96ccda6ff79921ac,23479.0,2.8302606840012587,0.004301716427445802,4595.0,DO_NOTHING_ZERO_CLICK_SERP,ZERO_CLICK_ANOMALY
content_bb2a25ce907f74ea,23133.0,1.509358735380355,0.002291099295378896,4574.0,DO_NOTHING_ZERO_CLICK_SERP,ZERO_CLICK_ANOMALY
content_819da6d6c68043cb,23613.0,2.6092236487419562,0.0071570744928641005,4554.0,DO_NOTHING_ZERO_CLICK_SERP,ZERO_CLICK_ANOMALY
content_bfd4875b1c785942,22981.0,2.64128546924205,0.0018275967103259215,4554.0,DO_NOTHING_ZERO_CLICK_SERP,ZERO_CLICK_ANOMALY
content_316c89e809015cd1,23112.0,2.076414020193978,0.003461405330564209,4542.0,DO_NOTHING_ZERO_CLICK_SERP,ZERO_CLICK_ANOMALY
content_bd54915f1b35975e,23510.0,2.5439190740131887,0.007316035729476819,4530.0,DO_NOTHING_ZERO_CLICK_SERP,ZERO_CLICK_ANOMALY
content_b21cddf3c1978a92,22761.0,2.8770261991126493,0.0010983700188919644,4527.0,DO_NOTHING_ZERO_CLICK_SERP,ZERO_CLICK_ANOMALY
content_23a7c3c692cec2ad,22794.0,2.0332435055095766,0.0015793629902605948,4523.0,DO_NOTHING_ZERO_CLICK_SERP,ZERO_CLICK_ANOMALY
content_779348ebbda04331,22738.0,2.8265719204443776,0.001627231946521242,4511.0,DO_NOTHING_ZERO_CLICK_SERP,ZERO_CLICK_ANOMALY
content_cd3d932d4e1c8db0,89332.0,7.7862192933810785,4.477678771324945e-05,4463.0,EVALUATE_SERP_FEATURES,CTR_GAP_MID_VISIBILITY
content_f46386e166bc52b3,22318.0,2.5029669342181236,0.0008513307644054126,4445.0,DO_NOTHING_ZERO_CLICK_SERP,ZERO_CLICK_ANOMALY
content_81087a1d7d58d50e,22666.0,1.6372002341813423,0.003970705020735904,4443.0,DO_NOTHING_ZERO_CLICK_SERP,ZERO_CLICK_ANOMALY
content_c651a4a1c068ed32,23299.0,1.8045426102447775,0.009657066826902443,4435.0,DO_NOTHING_ZERO_CLICK_SERP,ZERO_CLICK_ANOMALY
content_cf6bc49eaf854049,23145.0,2.2993080173241314,0.008425145819831496,4434.0,DO_NOTHING_ZERO_CLICK_SERP,ZERO_CLICK_ANOMALY
content_e98804011fce6dfb,22498.0,1.6835247783110519,0.003511423237621122,4421.0,DO_NOTHING_ZERO_CLICK_SERP,ZERO_CLICK_ANOMALY
content_cca7ad9a46f537bf,22191.0,2.3973955978167756,0.0011265828489027082,4413.0,DO_NOTHING_ZERO_CLICK_SERP,ZERO_CLICK_ANOMALY
content_5fa2737c68998c2e,109043.0,3.796578366966764,0.009656740918720139,4399.0,EVALUATE_SERP_FEATURES,CTR_GAP_MID_VISIBILITY
content_0a20dcbda20fc7c9,22113.0,2.6981539939586696,0.0011757789535567313,4397.0,DO_NOTHING_ZERO_CLICK_SERP,ZERO_CLICK_ANOMALY
content_e5524a2942724463,22095.0,2.304877458868587,0.0011767368182846799,4393.0,DO_NOTHING_ZERO_CLICK_SERP,ZERO_CLICK_ANOMALY
content_c92a0a1c7009dc9c,22375.0,2.3790992126482036,0.0037094972067039105,4392.0,DO_NOTHING_ZERO_CLICK_SERP,ZERO_CLICK_ANOMALY
content_a95c5fa101467438,22234.0,2.8818801229558226,0.002563641270126833,4390.0,DO_NOTHING_ZERO_CLICK_SERP,ZERO_CLICK_ANOMALY
content_96e7be677234110b,23316.0,2.2002318815241257,0.011794475896380168,4388.0,DO_NOTHING_ZERO_CLICK_SERP,ZERO_CLICK_ANOMALY
content_963de14b1f58978f,97312.0,3.7531236222541158,0.004953140414337389,4384.0,EVALUATE_SERP_FEATURES,CTR_GAP_MID_VISIBILITY
content_6f09b2b02dc8f67a,22095.0,1.6239532939416967,0.001946141661009278,4376.0,DO_NOTHING_ZERO_CLICK_SERP,ZERO_CLICK_ANOMALY
content_97dff9d4be243ec1,21886.0,2.220466455044637,0.0014621219044137804,4345.0,DO_NOTHING_ZERO_CLICK_SERP,ZERO_CLICK_ANOMALY
content_15cfaf0af3f40954,22708.0,2.349544238080355,0.008763431389818567,4343.0,DO_NOTHING_ZERO_CLICK_SERP,ZERO_CLICK_ANOMALY
content_a8bd8571450f717a,22403.0,2.8147957373417647,0.006159889300540106,4343.0,DO_NOTHING_ZERO_CLICK_SERP,ZERO_CLICK_ANOMALY
content_db122b8ba22641b8,91408.0,3.7437195772939007,0.0025161911430071765,4340.0,EVALUATE_SERP_FEATURES,CTR_GAP_MID_VISIBILITY
content_61aa35e865dd6017,22217.0,2.9316640644767302,0.0052662375658279695,4326.0,DO_NOTHING_ZERO_CLICK_SERP,ZERO_CLICK_ANOMALY
content_43114b395689e19f,22343.0,2.2646315970650894,0.006579241820704471,4322.0,DO_NOTHING_ZERO_CLICK_SERP,ZERO_CLICK_ANOMALY
content_5aef6bd783e1a8c7,22319.0,2.9891581500862867,0.006407097092163627,4321.0,DO_NOTHING_ZERO_CLICK_SERP,ZERO_CLICK_ANOMALY
content_191b5d9e60d58657,22225.0,1.441180070292741,0.005669291338582677,4319.0,DO_NOTHING_ZERO_CLICK_SERP,ZERO_CLICK_ANOMALY
content_2db2a9dcb3b62a3a,23876.0,2.5546140577935703,0.019349974870162507,4313.0,DO_NOTHING_ZERO_CLICK_SERP,ZERO_CLICK_ANOMALY
content_6328bd18c830408d,21748.0,1.0705915178783834,0.0017472871068604009,4312.0,DO_NOTHING_ZERO_CLICK_SERP,ZERO_CLICK_ANOMALY
content_176303e0958f9cac,22247.0,2.6540378175608854,0.006203083561828561,4311.0,DO_NOTHING_ZERO_CLICK_SERP,ZERO_CLICK_ANOMALY
content_6956767c4ff73322,21898.0,2.2357914679348303,0.0032879715042469634,4308.0,DO_NOTHING_ZERO_CLICK_SERP,ZERO_CLICK_ANOMALY
content_48fba5105ba54ff8,22094.0,2.009491399421438,0.005974472707522404,4287.0,DO_NOTHING_ZERO_CLICK_SERP,ZERO_CLICK_ANOMALY
content_561ba6fcb6c2f6c9,22381.0,2.7233696833162977,0.008623385907689558,4283.0,DO_NOTHING_ZERO_CLICK_SERP,ZERO_CLICK_ANOMALY
content_9bc20f2a6e42afc4,22829.0,2.151171799324557,0.012922160410004819,4271.0,DO_NOTHING_ZERO_CLICK_SERP,ZERO_CLICK_ANOMALY
content_d03120e03cda25ae,21702.0,2.8120614790878142,0.003271587872085522,4269.0,DO_NOTHING_ZERO_CLICK_SERP,ZERO_CLICK_ANOMALY
content_ef7013c86d07aa99,104330.0,4.691303827238432,0.00916323205214224,4261.0,EVALUATE_SERP_FEATURES,CTR_GAP_MID_VISIBILITY
content_f36d529e22feabc6,21357.0,1.5746875442206127,0.0006086997237439715,4258.0,DO_NOTHING_ZERO_CLICK_SERP,ZERO_CLICK_ANOMALY
content_e495f7c22f6b7b3b,21323.0,1.4580010209804846,0.0007034657412184026,4250.0,DO_NOTHING_ZERO_CLICK_SERP,ZERO_CLICK_ANOMALY
content_cc73f9bbc1bc7e61,21294.0,2.6479489969365195,0.0009861932938856016,4238.0,DO_NOTHING_ZERO_CLICK_SERP,ZERO_CLICK_ANOMALY
content_03621e012733c047,21287.0,2.8589762025791794,0.0012214027340630431,4231.0,DO_NOTHING_ZERO_CLICK_SERP,ZERO_CLICK_ANOMALY
content_d8826b766d611189,21555.0,2.675106014630797,0.00398979355138019,4225.0,DO_NOTHING_ZERO_CLICK_SERP,ZERO_CLICK_ANOMALY
content_957175284546f3d3,21332.0,2.3493945342669793,0.0019688730545659103,4224.0,DO_NOTHING_ZERO_CLICK_SERP,ZERO_CLICK_ANOMALY
content_a15138d47e9949ae,21155.0,2.7888941312610047,0.0008981328291184117,4212.0,DO_NOTHING_ZERO_CLICK_SERP,ZERO_CLICK_ANOMALY
content_48cbb12a9666ea47,21279.0,2.862758930468724,0.00244372385920391,4204.0,DO_NOTHING_ZERO_CLICK_SERP,ZERO_CLICK_ANOMALY
content_333773267a509091,21262.0,2.6340260389986327,0.003198193961057285,4184.0,DO_NOTHING_ZERO_CLICK_SERP,ZERO_CLICK_ANOMALY
content_5c11716f0bc53e06,21428.0,1.6441486517972081,0.004760126936718312,4184.0,DO_NOTHING_ZERO_CLICK_SERP,ZERO_CLICK_ANOMALY
content_046fc480045b88f5,83788.0,7.289152302466171,7.160929966104931e-05,4183.0,EVALUATE_SERP_FEATURES,CTR_GAP_MID_VISIBILITY
content_ed0efc826dec0de9,21339.0,2.5745490918536427,0.005061155630535639,4160.0,DO_NOTHING_ZERO_CLICK_SERP,ZERO_CLICK_ANOMALY
content_c0036b5952eb20e2,21158.0,2.4148830908606165,0.003639285376689668,4155.0,DO_NOTHING_ZERO_CLICK_SERP,ZERO_CLICK_ANOMALY
content_481619dd9d8e0576,20859.0,1.1081523260697803,0.001054700608849897,4150.0,DO_NOTHING_ZERO_CLICK_SERP,ZERO_CLICK_ANOMALY
content_e278fcf3fbdafdff,21022.0,2.60209401231842,0.0028065835791076014,4145.0,DO_NOTHING_ZERO_CLICK_SERP,ZERO_CLICK_ANOMALY
content_05a5a72b3448f6e8,92183.0,3.5874810368792973,0.00514194591193604,4135.0,EVALUATE_SERP_FEATURES,CTR_GAP_MID_VISIBILITY
content_16b0867e41920435,94128.0,3.731592903872819,0.006098079211286758,4132.0,EVALUATE_SERP_FEATURES,CTR_GAP_MID_VISIBILITY
content_e3fd3c83eb6fac0e,20919.0,2.8861519276760816,0.002629188775754099,4129.0,DO_NOTHING_ZERO_CLICK_SERP,ZERO_CLICK_ANOMALY
content_b1b997c9b211ef67,21430.0,2.6046822819415407,0.007326178254783014,4129.0,DO_NOTHING_ZERO_CLICK_SERP,ZERO_CLICK_ANOMALY
content_72e4af21f95b7c8d,20904.0,2.3585875767160887,0.002535399923459625,4128.0,DO_NOTHING_ZERO_CLICK_SERP,ZERO_CLICK_ANOMALY
content_c4e7aaf6adeae0be,21224.0,2.409782499724962,0.005606860158311346,4126.0,DO_NOTHING_ZERO_CLICK_SERP,ZERO_CLICK_ANOMALY
content_07d8bc6e25ace3de,20643.0,2.5871645873417304,0.0007266385699752943,4114.0,DO_NOTHING_ZERO_CLICK_SERP,ZERO_CLICK_ANOMALY
content_551104d3f89ad23c,20759.0,1.5505489032647788,0.0018787032130642132,4113.0,DO_NOTHING_ZERO_CLICK_SERP,ZERO_CLICK_ANOMALY
content_a20360643ef69414,20695.0,2.800495479619444,0.0013046629620681325,4112.0,DO_NOTHING_ZERO_CLICK_SERP,ZERO_CLICK_ANOMALY
content_eb2cc5309baf4fdd,20781.0,2.9416068391224863,0.0023098022231846397,4108.0,DO_NOTHING_ZERO_CLICK_SERP,ZERO_CLICK_ANOMALY
content_9540d884af3e41fd,82376.0,7.794395049435956,0.00013353403904049722,4108.0,EVALUATE_SERP_FEATURES,CTR_GAP_MID_VISIBILITY
content_90634db46e2dd763,20699.0,1.8357024726896551,0.0017392144548045798,4104.0,DO_NOTHING_ZERO_CLICK_SERP,ZERO_CLICK_ANOMALY
content_31225eda72e21c8f,20693.0,2.802302898486124,0.002174648431836853,4094.0,DO_NOTHING_ZERO_CLICK_SERP,ZERO_CLICK_ANOMALY
content_132dcd40faff1dc2,83651.0,4.753431242006206,0.0011595796822512583,4086.0,EVALUATE_SERP_FEATURES,CTR_GAP_MID_VISIBILITY
content_8693b3c882998a58,20817.0,2.0008448987254326,0.003939088245184225,4081.0,DO_NOTHING_ZERO_CLICK_SERP,ZERO_CLICK_ANOMALY
content_8b0af7e084d3a454,20529.0,1.2183043177341275,0.0019971747284329485,4065.0,DO_NOTHING_ZERO_CLICK_SERP,ZERO_CLICK_ANOMALY
content_064ad7709cd31cb6,20978.0,2.2303604312532834,0.006673658118028411,4056.0,DO_NOTHING_ZERO_CLICK_SERP,ZERO_CLICK_ANOMALY
content_c45865c9da0b6d9c,20345.0,1.315971539813413,0.0014254116490538217,4040.0,DO_NOTHING_ZERO_CLICK_SERP,ZERO_CLICK_ANOMALY
content_92d223b1bf844d91,20275.0,2.540976914465413,0.0007891491985203453,4039.0,DO_NOTHING_ZERO_CLICK_SERP,ZERO_CLICK_ANOMALY
content_365d15cb52216e75,20417.0,2.2857129907840625,0.002253024440417299,4037.0,DO_NOTHING_ZERO_CLICK_SERP,ZERO_CLICK_ANOMALY
content_8e5fefdae6cea24b,84940.0,4.180137180018317,0.0025547445255474453,4030.0,EVALUATE_SERP_FEATURES,CTR_GAP_MID_VISIBILITY
content_dea32e8086fd795c,21497.0,2.150606297500153,0.012699446434386193,4026.0,DO_NOTHING_ZERO_CLICK_SERP,ZERO_CLICK_ANOMALY
content_d45d3ba11162fdfe,20180.0,2.4028866115049516,0.0007433102081268583,4021.0,DO_NOTHING_ZERO_CLICK_SERP,ZERO_CLICK_ANOMALY
content_fd875c606ee18131,20752.0,2.7022211148558566,0.006216268311488049,4021.0,DO_NOTHING_ZERO_CLICK_SERP,ZERO_CLICK_ANOMALY
content_5b9e2c66a9e0fd07,20277.0,2.491804698734706,0.002120629284410909,4012.0,DO_NOTHING_ZERO_CLICK_SERP,ZERO_CLICK_ANOMALY
content_72959e809e3208fb,20065.0,2.890107067345694,0.000598056316969848,4001.0,DO_NOTHING_ZERO_CLICK_SERP,ZERO_CLICK_ANOMALY
content_a01c0a59520afde7,20284.0,2.521017088921636,0.0030565963320844016,3995.0,DO_NOTHING_ZERO_CLICK_SERP,ZERO_CLICK_ANOMALY
content_6a0d5c17c919f691,20166.0,2.2850446940347315,0.00233065555886145,3986.0,DO_NOTHING_ZERO_CLICK_SERP,ZERO_CLICK_ANOMALY
content_abe4335206065315,20073.0,2.6129989577594595,0.0014447267473720919,3986.0,DO_NOTHING_ZERO_CLICK_SERP,ZERO_CLICK_ANOMALY
content_efd376b71171c364,20628.0,2.0056398448696267,0.006835369400814427,3985.0,DO_NOTHING_ZERO_CLICK_SERP,ZERO_CLICK_ANOMALY
content_4411b92b0a452e98,20826.0,1.7119500243414663,0.008835109958705465,3981.0,DO_NOTHING_ZERO_CLICK_SERP,ZERO_CLICK_ANOMALY
content_cb648ca666aff133,20968.0,2.9754127592505255,0.010206028233498664,3980.0,DO_NOTHING_ZERO_CLICK_SERP,ZERO_CLICK_ANOMALY
content_43adfe35992620b5,20334.0,1.7022725605954871,0.0045736205370315725,3974.0,DO_NOTHING_ZERO_CLICK_SERP,ZERO_CLICK_ANOMALY
content_5e20282db1d5b814,19906.0,2.828119223915046,0.00035165276800964534,3974.0,DO_NOTHING_ZERO_CLICK_SERP,ZERO_CLICK_ANOMALY
content_2d2df54ccd8d274f,20099.0,2.9909975539034583,0.002786208269068113,3964.0,DO_NOTHING_ZERO_CLICK_SERP,ZERO_CLICK_ANOMALY
content_804019fba2e15fe2,86622.0,4.39623823374425,0.0043406986677749304,3955.0,EVALUATE_SERP_FEATURES,CTR_GAP_MID_VISIBILITY
content_8facc8b029a8a7c3,20324.0,2.022722215840361,0.005510726234993111,3953.0,DO_NOTHING_ZERO_CLICK_SERP,ZERO_CLICK_ANOMALY
content_5ebc94f67db6f51c,21923.0,2.702854550229127,0.019705332299411578,3953.0,DO_NOTHING_ZERO_CLICK_SERP,ZERO_CLICK_ANOMALY
content_375a677cecaf140c,20226.0,2.5511517364166965,0.004647483437160091,3951.0,DO_NOTHING_ZERO_CLICK_SERP,ZERO_CLICK_ANOMALY
content_a7f6a18612e15a63,20228.0,2.4880721698740755,0.00489420605101839,3947.0,DO_NOTHING_ZERO_CLICK_SERP,ZERO_CLICK_ANOMALY
content_5316506c033d2d74,19686.0,2.7074927719263573,0.00081276033729554,3921.0,DO_NOTHING_ZERO_CLICK_SERP,ZERO_CLICK_ANOMALY
content_70dc7b69a5719605,19892.0,2.9881026785951654,0.0031168308867886587,3916.0,DO_NOTHING_ZERO_CLICK_SERP,ZERO_CLICK_ANOMALY
content_7e128c3b9b5e068f,19744.0,1.4283455207275364,0.0016713938411669369,3916.0,DO_NOTHING_ZERO_CLICK_SERP,ZERO_CLICK_ANOMALY
content_477d37d31c507237,19896.0,2.581775582957994,0.0035182951347004425,3909.0,DO_NOTHING_ZERO_CLICK_SERP,ZERO_CLICK_ANOMALY
content_e0cf14907d71be9c,20584.0,2.2705815389010713,0.010153517294986397,3908.0,DO_NOTHING_ZERO_CLICK_SERP,ZERO_CLICK_ANOMALY
content_a659b5a945881948,19749.0,2.2114927547173804,0.0022785963846270697,3905.0,DO_NOTHING_ZERO_CLICK_SERP,ZERO_CLICK_ANOMALY
content_33d31496fca9665e,79484.0,5.213313736246245,0.0008932615369130894,3903.0,EVALUATE_SERP_FEATURES,CTR_GAP_MID_VISIBILITY
content_8ea996df5e15d682,19637.0,2.1645417613560465,0.002036971024087182,3887.0,DO_NOTHING_ZERO_CLICK_SERP,ZERO_CLICK_ANOMALY
content_343ed364a9a038f5,19860.0,2.9818056853079677,0.004833836858006042,3876.0,DO_NOTHING_ZERO_CLICK_SERP,ZERO_CLICK_ANOMALY
content_7557958d59c1a633,19374.0,2.9416513879354396,0.0003096934035305048,3869.0,DO_NOTHING_ZERO_CLICK_SERP,ZERO_CLICK_ANOMALY
content_3fd543a530d60270,20060.0,2.866400229479894,0.007876370887337987,3854.0,DO_NOTHING_ZERO_CLICK_SERP,ZERO_CLICK_ANOMALY
content_f5f9acf1a67ef71b,19523.0,2.0696770710392824,0.0026123034369717768,3854.0,DO_NOTHING_ZERO_CLICK_SERP,ZERO_CLICK_ANOMALY
content_18b6dbed1447e8b5,19647.0,2.569683582790753,0.004020970122665038,3850.0,DO_NOTHING_ZERO_CLICK_SERP,ZERO_CLICK_ANOMALY
content_42994377191c28f8,19230.0,2.373188615314288,0.0005200208008320333,3836.0,DO_NOTHING_ZERO_CLICK_SERP,ZERO_CLICK_ANOMALY
content_294276ae224bb13c,19578.0,2.5501976679618092,0.004137296965982225,3835.0,DO_NOTHING_ZERO_CLICK_SERP,ZERO_CLICK_ANOMALY
content_9edbb442ee6946e0,19197.0,2.000169270282741,0.00036464030838151797,3832.0,DO_NOTHING_ZERO_CLICK_SERP,ZERO_CLICK_ANOMALY
content_ec87e4918c49506b,19275.0,1.648847511299344,0.0014526588845654993,3827.0,DO_NOTHING_ZERO_CLICK_SERP,ZERO_CLICK_ANOMALY
content_68df66c6f5929718,19217.0,2.0950403430947717,0.0008846333975126191,3826.0,DO_NOTHING_ZERO_CLICK_SERP,ZERO_CLICK_ANOMALY
content_dcfa75f4766aa6f1,19187.0,2.08004781660543,0.0007296607077708865,3823.0,DO_NOTHING_ZERO_CLICK_SERP,ZERO_CLICK_ANOMALY
content_ac7b77e81c53d636,79651.0,5.742132051834398,0.002071537080513741,3818.0,EVALUATE_SERP_FEATURES,CTR_GAP_MID_VISIBILITY
content_5dc24af7d96d5a92,20270.0,2.9646095201734726,0.011741489886531821,3816.0,DO_NOTHING_ZERO_CLICK_SERP,ZERO_CLICK_ANOMALY
content_7cb9e8f642090892,19342.0,1.7651172492032612,0.003102057698273188,3808.0,DO_NOTHING_ZERO_CLICK_SERP,ZERO_CLICK_ANOMALY
content_969d2a011bb3b00d,19409.0,1.8356266638734031,0.004276366634035756,3799.0,DO_NOTHING_ZERO_CLICK_SERP,ZERO_CLICK_ANOMALY
content_6027078602b6c870,19071.0,1.3881537591082735,0.0007865345288658172,3799.0,DO_NOTHING_ZERO_CLICK_SERP,ZERO_CLICK_ANOMALY
content_fe7780b1e930e0f6,19362.0,2.4676213639167432,0.004441689908067348,3786.0,DO_NOTHING_ZERO_CLICK_SERP,ZERO_CLICK_ANOMALY
content_afe3c25856cd65c6,19072.0,1.3931327416866999,0.0018875838926174498,3778.0,DO_NOTHING_ZERO_CLICK_SERP,ZERO_CLICK_ANOMALY
content_585e8e6e08e6a699,19033.0,2.0633929988981228,0.0017863710397730257,3773.0,DO_NOTHING_ZERO_CLICK_SERP,ZERO_CLICK_ANOMALY
content_d1582b1c3ba7f221,18956.0,2.6843535899136515,0.0011078286558345643,3770.0,DO_NOTHING_ZERO_CLICK_SERP,ZERO_CLICK_ANOMALY
content_3a37f8afd29f5cba,19392.0,2.3117026163762686,0.0056724422442244226,3768.0,DO_NOTHING_ZERO_CLICK_SERP,ZERO_CLICK_ANOMALY
content_c2a2ae2578c9fb98,19072.0,2.9206031413391615,0.0024643456375838925,3767.0,DO_NOTHING_ZERO_CLICK_SERP,ZERO_CLICK_ANOMALY
content_c7004e859babe8f8,19309.0,2.7884713862059303,0.005075353462116111,3764.0,DO_NOTHING_ZERO_CLICK_SERP,ZERO_CLICK_ANOMALY
content_e7536b365bedaf11,19262.0,2.5265794449465884,0.0046724120029072785,3762.0,DO_NOTHING_ZERO_CLICK_SERP,ZERO_CLICK_ANOMALY
content_15a099308bd029fd,19003.0,2.3850707917347655,0.0026837867705099194,3750.0,DO_NOTHING_ZERO_CLICK_SERP,ZERO_CLICK_ANOMALY
content_5d1af55a814e4b15,18929.0,1.940966364570491,0.0019546727243911458,3749.0,DO_NOTHING_ZERO_CLICK_SERP,ZERO_CLICK_ANOMALY
content_f556df44c82db0cb,18860.0,2.7476978976493833,0.0014846235418875928,3744.0,DO_NOTHING_ZERO_CLICK_SERP,ZERO_CLICK_ANOMALY
content_72e574fc6d247af2,19556.0,2.2375601091767523,0.008641849048885252,3742.0,DO_NOTHING_ZERO_CLICK_SERP,ZERO_CLICK_ANOMALY
content_9111c7d2691be9ad,77152.0,6.510962708372909,0.0015553712152633762,3738.0,EVALUATE_SERP_FEATURES,CTR_GAP_MID_VISIBILITY
content_405daacede42e661,19249.0,2.5860401882306743,0.005818484077094914,3738.0,DO_NOTHING_ZERO_CLICK_SERP,ZERO_CLICK_ANOMALY
content_c20a9dd70b4d0ae7,19287.0,2.5600801571423544,0.0068439881785658735,3725.0,DO_NOTHING_ZERO_CLICK_SERP,ZERO_CLICK_ANOMALY
content_3c35b9cb3799e5b7,19388.0,2.683952728731297,0.007943057561378171,3724.0,DO_NOTHING_ZERO_CLICK_SERP,ZERO_CLICK_ANOMALY
content_c33f5dea1b91573f,18722.0,1.9861764680901108,0.0012285012285012285,3721.0,DO_NOTHING_ZERO_CLICK_SERP,ZERO_CLICK_ANOMALY
content_5bdf6649aa889514,18658.0,2.994503895642847,0.0006431557508843392,3720.0,DO_NOTHING_ZERO_CLICK_SERP,ZERO_CLICK_ANOMALY
content_bb9a8c84badd4e8f,18854.0,2.621778401322957,0.0029171528588098016,3716.0,DO_NOTHING_ZERO_CLICK_SERP,ZERO_CLICK_ANOMALY
content_042f237e551f5a5a,18706.0,2.8857227916642243,0.0014968459317865924,3713.0,DO_NOTHING_ZERO_CLICK_SERP,ZERO_CLICK_ANOMALY
content_61cd2d5018eb089a,18777.0,2.28776484098046,0.0022900356819513233,3712.0,DO_NOTHING_ZERO_CLICK_SERP,ZERO_CLICK_ANOMALY
content_8498495f235786db,18887.0,2.8156296165812367,0.0036003600360036,3709.0,DO_NOTHING_ZERO_CLICK_SERP,ZERO_CLICK_ANOMALY
content_e7c78fd389bfbc7f,18701.0,2.6036067815735593,0.0017111384417945565,3708.0,DO_NOTHING_ZERO_CLICK_SERP,ZERO_CLICK_ANOMALY
content_ad423503a73f9843,18566.0,2.5141084026679317,0.00048475708283959927,3704.0,DO_NOTHING_ZERO_CLICK_SERP,ZERO_CLICK_ANOMALY
content_25beb49c03b8fb40,79608.0,3.5103077516631656,0.0034795497939905536,3703.0,EVALUATE_SERP_FEATURES,CTR_GAP_MID_VISIBILITY
content_58720bce07de4271,19218.0,2.758733669386953,0.007597044437506504,3698.0,DO_NOTHING_ZERO_CLICK_SERP,ZERO_CLICK_ANOMALY
content_689a4138f07716aa,18970.0,2.8282174361412173,0.00558777016341592,3688.0,DO_NOTHING_ZERO_CLICK_SERP,ZERO_CLICK_ANOMALY
content_9edc84b1dbe483b5,19183.0,2.1778455388998545,0.00860136579262889,3672.0,DO_NOTHING_ZERO_CLICK_SERP,ZERO_CLICK_ANOMALY
content_61563149f87b6021,18867.0,2.0802279343181325,0.005406264906980442,3671.0,DO_NOTHING_ZERO_CLICK_SERP,ZERO_CLICK_ANOMALY
content_f90cfba3c796aa2c,18584.0,2.8123369380663648,0.002529057253551442,3670.0,DO_NOTHING_ZERO_CLICK_SERP,ZERO_CLICK_ANOMALY
content_4977e90c4d93cf9f,73862.0,7.399240542604116,0.0003790853212748098,3665.0,EVALUATE_SERP_FEATURES,CTR_GAP_MID_VISIBILITY
content_c47a6844643204fb,18994.0,2.0348668380697736,0.0077392860903443194,3652.0,DO_NOTHING_ZERO_CLICK_SERP,ZERO_CLICK_ANOMALY
content_0bf9370493b84a79,18315.0,1.7298547861710891,0.0008736008736008736,3647.0,DO_NOTHING_ZERO_CLICK_SERP,ZERO_CLICK_ANOMALY
content_3f8597ccc4b874a9,81654.0,6.082571447728152,0.005388590883483969,3643.0,EVALUATE_SERP_FEATURES,CTR_GAP_MID_VISIBILITY
content_637149459af59ca0,18283.0,1.6202228336745954,0.0008204342832139145,3642.0,DO_NOTHING_ZERO_CLICK_SERP,ZERO_CLICK_ANOMALY
content_36fc1ee501ec072d,73135.0,6.457292180175846,0.00021877350105968416,3641.0,EVALUATE_SERP_FEATURES,CTR_GAP_MID_VISIBILITY
content_895d440b9d28c9e1,74063.0,5.569462258620714,0.0009586433171759178,3632.0,EVALUATE_SERP_FEATURES,CTR_GAP_MID_VISIBILITY
content_d9f2570968173675,18211.0,1.812211314406529,0.0007687661303607709,3628.0,DO_NOTHING_ZERO_CLICK_SERP,ZERO_CLICK_ANOMALY
content_cb6d4179551785be,75296.0,3.333871263125528,0.0019257331066723333,3620.0,EVALUATE_SERP_FEATURES,CTR_GAP_MID_VISIBILITY
content_2ec6a49f83a3d25e,18283.0,2.958777508989117,0.0023519116118798883,3614.0,DO_NOTHING_ZERO_CLICK_SERP,ZERO_CLICK_ANOMALY
content_e9f2d0579387d3c3,73503.0,5.452586040717042,0.0008979225337741317,3609.0,EVALUATE_SERP_FEATURES,CTR_GAP_MID_VISIBILITY
content_98eca0cf52d60db8,18686.0,2.6287774925213423,0.007010596168254308,3606.0,DO_NOTHING_ZERO_CLICK_SERP,ZERO_CLICK_ANOMALY
content_34b9ee44e0306475,18866.0,2.2201001471705153,0.009010919113749603,3603.0,DO_NOTHING_ZERO_CLICK_SERP,ZERO_CLICK_ANOMALY
content_04a80c62787bb6a1,18219.0,2.526073075913606,0.002305285690762391,3602.0,DO_NOTHING_ZERO_CLICK_SERP,ZERO_CLICK_ANOMALY
content_5f37bc769394835c,18003.0,1.6576953059459945,0.0003888240848747431,3594.0,DO_NOTHING_ZERO_CLICK_SERP,ZERO_CLICK_ANOMALY
content_0adb360f9005b515,73165.0,9.954726876914943,0.0009294061368140505,3590.0,EVALUATE_SERP_FEATURES,CTR_GAP_MID_VISIBILITY
content_2a0dbe9cebd22097,18274.0,2.8921783237094747,0.00366641129473569,3588.0,DO_NOTHING_ZERO_CLICK_SERP,ZERO_CLICK_ANOMALY
content_c5cac0d17ecc217f,18276.0,2.6127615754527738,0.0037207266360253883,3587.0,DO_NOTHING_ZERO_CLICK_SERP,ZERO_CLICK_ANOMALY
content_bfde20b6654f2823,18812.0,2.6749883529929703,0.009302572825855837,3587.0,DO_NOTHING_ZERO_CLICK_SERP,ZERO_CLICK_ANOMALY
content_f57e4e8c0208f271,17973.0,1.602818604061851,0.000500751126690035,3586.0,DO_NOTHING_ZERO_CLICK_SERP,ZERO_CLICK_ANOMALY
content_8bf58116af2baad4,17948.0,2.4485403462024324,0.0007243146868731892,3577.0,DO_NOTHING_ZERO_CLICK_SERP,ZERO_CLICK_ANOMALY
content_afcca85076bb17d3,82898.0,3.6905840662110725,0.006875919805061642,3575.0,EVALUATE_SERP_FEATURES,CTR_GAP_MID_VISIBILITY
content_809a1eadcda74ceb,17977.0,2.9210444373194107,0.0011681593146798687,3574.0,DO_NOTHING_ZERO_CLICK_SERP,ZERO_CLICK_ANOMALY
content_425715547c6a3ea8,71513.0,6.395690558449798,4.195041460993106e-05,3573.0,EVALUATE_SERP_FEATURES,CTR_GAP_MID_VISIBILITY
content_73d58f8038e3c431,72998.0,3.8843002559798454,0.0012329104906983752,3560.0,EVALUATE_SERP_FEATURES,CTR_GAP_MID_VISIBILITY
content_6e58a77f6e49d35f,17848.0,2.446344663918347,0.0006163155535634245,3559.0,DO_NOTHING_ZERO_CLICK_SERP,ZERO_CLICK_ANOMALY
content_38bd7685e5a95c09,18037.0,2.599507488195699,0.0027166380218439875,3558.0,DO_NOTHING_ZERO_CLICK_SERP,ZERO_CLICK_ANOMALY
content_6ff303df83b7bda7,18198.0,2.1751089399476067,0.004890647323881745,3551.0,DO_NOTHING_ZERO_CLICK_SERP,ZERO_CLICK_ANOMALY
content_6c0351d021143c7a,86228.0,9.673467570064211,0.00889502249849237,3544.0,EVALUATE_SERP_FEATURES,CTR_GAP_MID_VISIBILITY
content_6a85e720037988ee,17756.0,2.3766377002731534,0.0005631899076368552,3541.0,DO_NOTHING_ZERO_CLICK_SERP,ZERO_CLICK_ANOMALY
content_9a136f9ba3924c74,18068.0,2.883468232422481,0.004040292229355767,3541.0,DO_NOTHING_ZERO_CLICK_SERP,ZERO_CLICK_ANOMALY
content_0dea4c7b3f7a8493,18493.0,2.3720527178363158,0.00886822040772184,3535.0,DO_NOTHING_ZERO_CLICK_SERP,ZERO_CLICK_ANOMALY
content_b1f0a197a1edc5f2,17891.0,1.6428292185836884,0.0024593370968643453,3534.0,DO_NOTHING_ZERO_CLICK_SERP,ZERO_CLICK_ANOMALY
content_59c787fc100aaee3,18194.0,2.9244610440788827,0.005881059690007695,3532.0,DO_NOTHING_ZERO_CLICK_SERP,ZERO_CLICK_ANOMALY
content_3ef05491f2780e7a,18004.0,2.766465145733287,0.003943568095978672,3530.0,DO_NOTHING_ZERO_CLICK_SERP,ZERO_CLICK_ANOMALY
content_088cfa021e4a36db,17755.0,2.78670192040335,0.0012954097437341593,3528.0,DO_NOTHING_ZERO_CLICK_SERP,ZERO_CLICK_ANOMALY
content_4fd2f1581d511c86,17851.0,2.9346113214620706,0.002632905719567531,3523.0,DO_NOTHING_ZERO_CLICK_SERP,ZERO_CLICK_ANOMALY
content_52c61ff818b6c173,17965.0,2.7739069259715845,0.00400779293069858,3521.0,DO_NOTHING_ZERO_CLICK_SERP,ZERO_CLICK_ANOMALY
content_14195454a7a73332,18107.0,2.2510125101600833,0.005577953277737892,3520.0,DO_NOTHING_ZERO_CLICK_SERP,ZERO_CLICK_ANOMALY
content_9f81c168ae179ad9,17711.0,2.2125644967900393,0.00203263508554006,3506.0,DO_NOTHING_ZERO_CLICK_SERP,ZERO_CLICK_ANOMALY
content_267adf489268ae79,17972.0,1.3019842274933249,0.0051747162252392615,3501.0,DO_NOTHING_ZERO_CLICK_SERP,ZERO_CLICK_ANOMALY
content_efa5bf56f02a853d,17604.0,2.6967803719120247,0.0014769370597591455,3495.0,DO_NOTHING_ZERO_CLICK_SERP,ZERO_CLICK_ANOMALY
content_8687618151490361,17725.0,2.6461457967923447,0.002990126939351199,3492.0,DO_NOTHING_ZERO_CLICK_SERP,ZERO_CLICK_ANOMALY
content_c139b4e65b39d7cd,17696.0,1.9793174946596859,0.0031645569620253164,3483.0,DO_NOTHING_ZERO_CLICK_SERP,ZERO_CLICK_ANOMALY
content_84762ffd86553f39,17729.0,2.6539097625810504,0.0036099046759546505,3482.0,DO_NOTHING_ZERO_CLICK_SERP,ZERO_CLICK_ANOMALY
content_71c78c3547cfdf23,17487.0,2.989298083421574,0.0009149654028707039,3481.0,DO_NOTHING_ZERO_CLICK_SERP,ZERO_CLICK_ANOMALY
content_407c845458f14ae8,18697.0,2.5889535924727567,0.01428036583409103,3472.0,DO_NOTHING_ZERO_CLICK_SERP,ZERO_CLICK_ANOMALY
content_888780a6f4240d2f,17454.0,1.7126660514209868,0.001145869141744013,3471.0,DO_NOTHING_ZERO_CLICK_SERP,ZERO_CLICK_ANOMALY
content_93aadc6eeccba7b8,71709.0,3.879044158989874,0.001631594360540518,3468.0,EVALUATE_SERP_FEATURES,CTR_GAP_MID_VISIBILITY
content_7879ff77052092d9,17502.0,2.214806907414191,0.0018854988001371271,3467.0,DO_NOTHING_ZERO_CLICK_SERP,ZERO_CLICK_ANOMALY
content_abbd82186a9b0702,17574.0,2.94597416351481,0.0027882098554683054,3466.0,DO_NOTHING_ZERO_CLICK_SERP,ZERO_CLICK_ANOMALY
content_c52bbbd017bc4562,17810.0,2.6755872553087263,0.005614823133071308,3462.0,DO_NOTHING_ZERO_CLICK_SERP,ZERO_CLICK_ANOMALY
content_b12fcb83e59a0b59,17349.0,2.557364036605679,0.0005764020981036371,3460.0,DO_NOTHING_ZERO_CLICK_SERP,ZERO_CLICK_ANOMALY
content_165bb3b3f85b131e,17487.0,1.9499562334463287,0.0023445988448561788,3456.0,DO_NOTHING_ZERO_CLICK_SERP,ZERO_CLICK_ANOMALY
content_6982fdcd6a6b28f8,17260.0,2.8582553143339196,0.0002317497103128621,3448.0,DO_NOTHING_ZERO_CLICK_SERP,ZERO_CLICK_ANOMALY
content_39ed9e75662f5a9d,17358.0,1.7979957404495603,0.0014978684180205093,3446.0,DO_NOTHING_ZERO_CLICK_SERP,ZERO_CLICK_ANOMALY
content_9a16b51ddea1a1cf,17263.0,2.1803794418838054,0.0005792735909169901,3443.0,DO_NOTHING_ZERO_CLICK_SERP,ZERO_CLICK_ANOMALY
content_d9a26352cd282503,17657.0,2.0753408988303432,0.005153763379962621,3440.0,DO_NOTHING_ZERO_CLICK_SERP,ZERO_CLICK_ANOMALY
content_3998abbd7498facd,17265.0,1.487396253685174,0.0008108890819577179,3439.0,DO_NOTHING_ZERO_CLICK_SERP,ZERO_CLICK_ANOMALY
content_dd6f54446bd356c1,17390.0,2.817088744567317,0.0024151811385853938,3436.0,DO_NOTHING_ZERO_CLICK_SERP,ZERO_CLICK_ANOMALY
content_541934e135ab10a2,17376.0,2.8986693686755802,0.002244475138121547,3436.0,DO_NOTHING_ZERO_CLICK_SERP,ZERO_CLICK_ANOMALY
content_15a37d60ac3596e9,17338.0,2.9973088658585167,0.0018456569385165533,3436.0,DO_NOTHING_ZERO_CLICK_SERP,ZERO_CLICK_ANOMALY
content_7de035754d191be3,17327.0,2.628908419781349,0.0020199688347665493,3430.0,DO_NOTHING_ZERO_CLICK_SERP,ZERO_CLICK_ANOMALY
content_897096a4c55acd6e,17842.0,2.8932967792144435,0.00784665396256025,3428.0,DO_NOTHING_ZERO_CLICK_SERP,ZERO_CLICK_ANOMALY
content_69fd5bf05e7ea4a6,17330.0,2.899275905590283,0.0023658395845354875,3425.0,DO_NOTHING_ZERO_CLICK_SERP,ZERO_CLICK_ANOMALY
content_0bc57e8596bd0e24,17158.0,2.1245768489932564,0.0005245366592842988,3423.0,DO_NOTHING_ZERO_CLICK_SERP,ZERO_CLICK_ANOMALY
content_48051e1a739039c1,17244.0,2.880193855226873,0.001681744374855022,3420.0,DO_NOTHING_ZERO_CLICK_SERP,ZERO_CLICK_ANOMALY
content_d508c9c6173af446,71839.0,4.117007686805924,0.0023942426815518033,3420.0,EVALUATE_SERP_FEATURES,CTR_GAP_MID_VISIBILITY
content_fde3ca5e9c57532b,17267.0,2.384385827520173,0.0022586436555278857,3414.0,DO_NOTHING_ZERO_CLICK_SERP,ZERO_CLICK_ANOMALY
content_62850cc56d45a7cf,73510.0,4.7928780435750165,0.003591348115902598,3412.0,EVALUATE_SERP_FEATURES,CTR_GAP_MID_VISIBILITY
content_d4a978e3878a1a9b,17222.0,2.739453806322355,0.0019742190221809313,3410.0,DO_NOTHING_ZERO_CLICK_SERP,ZERO_CLICK_ANOMALY
content_28a4735087ed9dfb,17254.0,2.8348819428816565,0.002492175727367567,3408.0,DO_NOTHING_ZERO_CLICK_SERP,ZERO_CLICK_ANOMALY
content_39925821344ce1f4,17154.0,2.1202576914576863,0.0013990905911157748,3407.0,DO_NOTHING_ZERO_CLICK_SERP,ZERO_CLICK_ANOMALY
content_9ee101f6c3e35cf1,75161.0,3.8318014400129137,0.004683279892497439,3406.0,EVALUATE_SERP_FEATURES,CTR_GAP_MID_VISIBILITY
content_c87e5fbfa3571c3e,17452.0,2.956987370768084,0.004870501948200779,3405.0,DO_NOTHING_ZERO_CLICK_SERP,ZERO_CLICK_ANOMALY
content_b26508d244b9d9ae,17163.0,2.5054116250960625,0.001689681291149566,3404.0,DO_NOTHING_ZERO_CLICK_SERP,ZERO_CLICK_ANOMALY
content_ca3299d86449ea37,17177.0,1.491807150042687,0.0018047388950340572,3404.0,DO_NOTHING_ZERO_CLICK_SERP,ZERO_CLICK_ANOMALY
content_3c8fb437349b2c62,17289.0,2.7649834830349524,0.003586095205043669,3396.0,DO_NOTHING_ZERO_CLICK_SERP,ZERO_CLICK_ANOMALY
content_250a535c9488398f,17115.0,2.9612098018757083,0.0018697049371895998,3391.0,DO_NOTHING_ZERO_CLICK_SERP,ZERO_CLICK_ANOMALY
content_c2653d70b0dab355,17446.0,2.1455704449998434,0.005961251862891207,3385.0,DO_NOTHING_ZERO_CLICK_SERP,ZERO_CLICK_ANOMALY
content_d195cb9b8381472b,16896.0,1.917114208156897,0.0003551136363636364,3373.0,DO_NOTHING_ZERO_CLICK_SERP,ZERO_CLICK_ANOMALY
content_f2a8605046b50be1,17389.0,2.621273647087832,0.0060958076945195235,3372.0,DO_NOTHING_ZERO_CLICK_SERP,ZERO_CLICK_ANOMALY
content_8688bf78ada3963f,17565.0,2.8191467331979823,0.00825505266154284,3368.0,DO_NOTHING_ZERO_CLICK_SERP,ZERO_CLICK_ANOMALY
content_758b5d34665798a2,16915.0,1.8330608025623956,0.0010641442506650902,3365.0,DO_NOTHING_ZERO_CLICK_SERP,ZERO_CLICK_ANOMALY
content_cbe59e3b1129ed0f,17054.0,2.274424939671639,0.002931863492435792,3361.0,DO_NOTHING_ZERO_CLICK_SERP,ZERO_CLICK_ANOMALY
content_dfeae487306e1437,16864.0,2.8204724496973834,0.0011266603415559773,3354.0,DO_NOTHING_ZERO_CLICK_SERP,ZERO_CLICK_ANOMALY
content_cf1bf84ce449b27d,17380.0,2.5550777731132372,0.007364787111622554,3348.0,DO_NOTHING_ZERO_CLICK_SERP,ZERO_CLICK_ANOMALY
content_a2a286258ce3f1f8,67703.0,3.833865265325012,0.0006646677399819801,3340.0,EVALUATE_SERP_FEATURES,CTR_GAP_MID_VISIBILITY
content_53d59ed5c4b0a22d,16878.0,2.8379720712976306,0.002369949046095509,3336.0,DO_NOTHING_ZERO_CLICK_SERP,ZERO_CLICK_ANOMALY
content_68afd4d19ec065e1,17052.0,2.307399197186382,0.004632887637813746,3331.0,DO_NOTHING_ZERO_CLICK_SERP,ZERO_CLICK_ANOMALY
